alarm_id,category,code,description,message,system
PS0075,OT,0075,"An attempt was made to register a program whose number was protected. In program matching, the password for the encoded program was not correct. An attempt was made to select a program being edited in the background as the main program. An attempt was made to call a program being edited in the background as a subprogram.",PROTECT,FANUC
PS0136,SP,0136,"AXIS - OTHER AXIS SAME TIME T The M code for spindle positioning and an axis address not for a spindle positioning axis were specified simultaneously. Alternatively, the axis addresses of a spindle positioning axis and non-spindle positioning axis were specified simultaneously in the spindle positioning mode.",SPOS,FANUC
PS0139,OT,0139,CHANGE PMC CONTROL AXIS The PMC axis was selected for the axis for which the PMC axis is being controlled.,CANNOT,FANUC
PS0154,OT,0154,"USING TOOL IN LIFE GROUP The H99 command, D99 command, or the H/D code set by parameters Nos. 13265 and 13266 was specified when no tool belonging to a group is used.",NOT,FANUC
PS0194,SP,0194,"COMMAND IN SYNCHRO-MODE T A Cs contour control mode, spindle positioning command, or rigid tapping mode was specified during the spindle synchronous control mode. M A Cs contour control mode or rigid tapping mode was specified during the spindle synchronous control mode or simple spindle synchronous control mode.",SPINDLE,FANUC
PS0218,OT,0218,"FOUND P/Q COMMAND T P or Q is not commanded in the G51.2 block, or the command value is out of the range. Modify the program. For a polygon turning between spindles, more information as to why this alarm occurred is indicated in DGN No. 471.",NOT,FANUC
PS1961,OT,1961,READY (MEMORY CARD) The memory card is not ready.,NOT,FANUC
PS1964,OT,1964,MOUNTED (MEMORY CARD) The memory card could not be mounted.,NOT,FANUC
PS0415,OT,0415,VALUE OVERFLOW The velocity exceeding the travel velocity limit was commanded. B-64305EN/03 APPENDIX A.ALARM LIST SV,MOTION,FANUC
PS0430,SV,0430,OVERHEAT The servo motor has overheated. SV,SV MOTOR,FANUC
PS0453,SP,0453,"SOFT DISCONNECT ALARM Software disconnection alarm of the α Pulsecoder. Turn off the power to the CNC, then remove and insert the Pulsecoder cable. If this alarm is issued again, replace the Pulsecoder. SV",SPC,FANUC
PS0752,SP,0752,"MODE CHANGE ERROR This alarm is generated if the system does not properly terminate a mode change. The modes include the Cs contour control, spindle positioning (T series), rigid tapping, and spindle control modes. The alarm is activated if the spindle control unit does not respond correctly to the mode change command issued by the NC. SP",SPINDLE,FANUC
PS1220,SP,1220,"AMP. Either the cable connected to a serial spindle amplifier is broken, or the serial spindle amplifier is not connected. SP",NO SPINDLE,FANUC
PS1231,SP,1231,EXCESS ERROR (MOVING) The position deviation during spindle rotation was greater than the value set in parameters. SP,SPINDLE,FANUC
PS1232,SP,1232,EXCESS ERROR (STOP) The position deviation during spindle stop was greater than the value set in parameters. SP,SPINDLE,FANUC
PS1244,OT,1244,VALUE OVERFLOW The amount of distribution to a spindle is too much SP,MOTION,FANUC
PS1988,SP,1988,CONTROL ERROR An error occurred in the spindle control software. SP,SPINDLE,FANUC
PS1989,SP,1989,CONTROL ERROR An error occurred in the spindle control software. B-64305EN/03 APPENDIX A.ALARM LIST SP,SPINDLE,FANUC
PS1998,SP,1998,CONTROL ERROR An error occurred in the spindle control software. SP,SPINDLE,FANUC
PS1999,SP,1999,CONTROL ERROR An error occurred in the spindle control software. Refer to A.3 for SP9001 or later. (10) Overheat alarms (OH alarm) OH,SPINDLE,FANUC
PS0059,SP,0059,"NUMBER NOT FOUND [External data I/O] The No. specified for a program No. or sequence No. search could not be found. There was an I/O request issued for offset (tool data), but either no tool numbers have been input since power ON or there is no data for the entered tool No. [External workpiece No. search] The program corresponding to the specified workpiece No. could not be found. DS",SPECIFIED,FANUC
PS9073,OT,9073,SENSOR DISCONNECTED 73 1 Replace the feedback cable. 2 Check the shield processing. 3 Check and correct the connection. 4 Adjust the sensor. The motor sensor feedback signal is not present (connector JYA2). SP,MOTOR,FANUC
PS9082,OT,9082,MOTOR SENSOR 82 1 Replace the feedback cable. 2 Adjust the sensor. The one-rotation signal of the motor sensor is not generated(connector JYA2). SP,NO 1-ROT,FANUC
PS9083,OT,9083,SENSOR SIGNAL ERROR 83 1 Replace the feedback cable. 2 Adjust the sensor. An irregularity was detected in a motor sensor feedback signal(connector JYA2). SP,MOTOR,FANUC
PS9084,SP,9084,SENSOR DISCONNECTED 84 1 Replace the feedback cable. 2 Check the shield processing. 3 Check and correct the connection. 4 Check and correct the parameter. 5 Adjust the sensor. The spindle sensor feedback signal is not present(connector JYA4). SP9085 1-ROT SPNDL SENSOR ERROR 85 1 Check and correct the parameter. 2 Replace the feedback cable. 3 Adjust the sensor. The one-rotation signal of the spindle sensor cannot be correctly detected(connector JYA4). SP,SPNDL,FANUC
PS9086,OT,9086,SPNDL SENSOR 86 1 Replace the feedback cable. 2 Adjust the sensor. The one-rotation signal of the spindle sensor is not generated(connector JYA4). SP,NO 1-ROT,FANUC
PS9087,SP,9087,SENSOR SIGNAL ERROR 87 1 Replace the feedback cable. 2 Adjust the sensor. An irregularity was detected in a spindle sensor feedback signal(connector JYA4). SP,SPNDL,FANUC
PS0001,CNC,0001,A TH error was detected during reading from an input device. The read code that caused the TH error and how many statements it is from the block can be verified in the diagnostics screen.,TH ERROR,FANUC
PS0002,CNC,0002,An error was detected during the single–block TV error. The TV check can be suppressed by setting TVC parameter No. 0000#0 to “0”.,TV ERROR,FANUC
PS0003,CNC,0003,MANY DIGIT Data entered with more digits than permitted in the NC instruction word. The number of permissible digits varies according to the function and the word.,TOO,FANUC
PS0004,CNC,0004,"NOT FOUND NC word(s) address + numerical value not in word format. This alarm is also generated when a custom macro does not contain a reserved word, or does not conform to the syntax. A.ALARM LIST APPENDIX B-64305EN/03",ADDRESS,FANUC
PS0005,CNC,0005,"AFTER ADDRESS NC word(s) address + numerical value not in word format. This alarm is also generated when a custom macro does not contain a reserved word, or does not conform to the syntax.",NO DATA,FANUC
PS0006,CNC,0006,USE OF MINUS SIGN A minus sign (–) was specified at an NC instruction word or system variable where no minus signal may be specified.,ILLEGAL,FANUC
PS0007,CNC,0007,"USE OF DECIMAL POINT A decimal poi nt (.) was specified at an address where no decimal point may be specified, or two decimal points were specified.",ILLEGAL,FANUC
PS0009,CNC,0009,"NC-ADDRESS An illegal address was specified, or parameter 1020 is not set.",IMPROPER,FANUC
PS0010,CNC,0010,G-CODE An unusable G code is specified.,IMPROPER,FANUC
PS0011,CNC,0011,ZERO ( COMMAND ) The cutting feedrate instructed by an F code has been set to 0. This alarm is also generated if the F code instructed for the S code is set extremely small in a rigid tapping instruction as the tool cannot cut at the programmed lead.,FEED,FANUC
PS0015,CNC,0015,MANY SIMULTANEOUS AXES A move comm and was specified for more axes than can be controlled by simultaneous axis control. Either divide the number of programmed move axes into two blocks.,TOO,FANUC
PS0020,CNC,0020,"TOLERANCE OF RADIUS An arc was specif ied for which the difference in the radius at the start and end points exceeds the value set in parameter No. 3410. Check arc center codes I, J and K in the program. The tool path when parameter No. 3410 is set to a large value is spiral.",OVER,FANUC
PS0021,CNC,0021,"PLANE SELECT The plane selection instructions G17 to G19 are in error. Reprogram so that same 3 basic parallel axes are not specified simultaneously. This alarm is also generated when an axis that should not be specified for plane machining is specified, for example, for circular interpolation. T In the 0i -TD, the helical interpolation option is needed to enable the specification of 3 or more axes for the G02/G03 block.",ILLEGAL,FANUC
PS0022,CNC,0022,"I,J,K COMMAND NOT FOUND The command for ci rcular interpolation lacks arc radius R or coordinate I, J, or K of the distance between the start point to the center of the arc.",R OR,FANUC
PS0025,CNC,0025,"CUT IN RAPID (F0) M F0 (rapid traverse in one-digit F code feed or inverse feed) was specified during circular interpolation (G02, G03).",CIRCLE,FANUC
PS0027,CNC,0027,COMMANDED IN G43/G44 M No axis is specified in G43 and G44 blocks for the tool length offset type C. Offset is not canceled but another axis is offset for the tool length offset type C. Multiple axes were specified for the same block when the tool length compensation type is C. B-64305EN/03 APPENDIX A.ALARM LIST,NO AXES,FANUC
PS0028,CNC,0028,"PLANE SELECT The plane selection instructions G17 to G19 are in error. Reprogram so that same 3 basic parallel axes are not specified simultaneously. This alarm is also generated when an axis that should not be specified for plane machining is specified, for example, for circular interpolation. T In the 0i -TD, the helical interpolation option is needed to enable the specification of 3 or more axes for the G02/G03 block.",ILLEGAL,FANUC
PS0029,CNC,0029,OFFSET VALUE Illegal offset No.,ILLEGAL,FANUC
PS0030,CNC,0030,OFFSET NUMBER An illegal offset No. was specified.,ILLEGAL,FANUC
PS0031,CNC,0031,"P COMMAND IN G10 Data input for the L No. of G10 or the corresponding function is not enabled. A data setting address such as P or R is not specified. An address command not concerned with data setting was specified. An address varies with the L No. The sign or decimal point of the specified address is in error, or the specified address is out of range.",ILLEGAL,FANUC
PS0032,CNC,0032,"OFFSET VALUE IN G10 In setting an o ffset amount by G10 or in writing an offset amount by system variables, the offset amount was excessive.",ILLEGAL,FANUC
PS0033,CNC,0033,AT G41/G42 The inters ection cannot be obtained by the intersection calculation in tool radius/tool nose radius compensation. Modify the program.,NO INTERSECTION,FANUC
PS0034,CNC,0034,G00/G01 ALLOWED IN STUP/EXT BLK An attempt was made to perform a start-up or cancel of cutter compensation or tool nose radius compensation not in the G00/G01 mode. Modify the program.,ONLY,FANUC
PS0035,CNC,0035,NOT COMMANDED G31 1) G31 cannot be specified. This alarm is generated when a G code (such as for tool radius/tool nose radius compensation) of group 07 is not canceled. 2) A torque limit skip was not specified in a torque limit skip command (G31P98 or P99). Specify the torque limit skip in the PMC window or the like.,CAN,FANUC
PS0037,CNC,0037,NOT CHANGE PLANE IN G41/G42 The compensation plane G17/G18/G19 was changed during cutter or tool-nose radius compensation. Modify the program.,CAN,FANUC
PS0038,CNC,0038,IN CIRCULAR BLOCK Overcutting will occur in tool radius/tool nose radius compensation because the arc start point or end point coincides with the arc center. Modify the program.,INTERFERENCE,FANUC
PS0039,CNC,0039,"NOT ALLOWED IN G41,G42 T Chamfering or corner R was specified with a start-up, a cancel, or switching between G41 and G42 in G41 and G42 commands (tool nose radius compensation). The program may cause overcutting to occur in chamfering or corner R. Modify the program.",CHF/CNR,FANUC
PS0041,CNC,0041,"IN G41/G42 In tool radius/tool nose radius compensation, excessive cutting may occur. Modify the program.",INTERFERENCE,FANUC
PS0042,CNC,0042,NOT ALLOWED IN CRC M Tool offset (G45 to G48) is commanded in tool radius compensation mode. Modify the program.,G45/G48,FANUC
PS0044,CNC,0044,NOT ALLOWED IN FIXED CYC One of G27 to G30 (G29 is only for the M series) is commanded in canned cycle mode. Modify the program.,G27-G30,FANUC
PS0045,CNC,0045,"Q NOT FOUND (G73/G83) In a high-speed peck drilling cycle or peck drilling cycle, the amount of each-time cutting is not specified by address Q, or Q0 is specified. Modify the program. A.ALARM LIST APPENDIX B-64305EN/03",ADDRESS,FANUC
PS0046,CNC,0046,"REFERENCE RETURN COMMAND A command for a return to the second, third or fourth reference position is error. (The address P command is in error.)",ILLEGAL,FANUC
PS0050,CNC,0050,NOT ALLOWED IN THRD BLK The chamfering or corner R block is specified in a threading block. Modify the program.,CHF/CNR,FANUC
PS0051,CNC,0051,MOVE AFTER CNR/CHF The travel or travel distance is incorrect in the block next to the chamfering or corner R. Modify the program.,MISSING,FANUC
PS0052,CNC,0052,IS NOT G01 AFTER CHF/CNR T The block next to the chamfering or corner R block is not G01 (or vertical line). Modify the program.,CODE,FANUC
PS0053,CNC,0053,"MANY ADDRESS COMMANDS T In the chamfering and corner R commands, two or more of I, J, K and R are specified.",TOO,FANUC
PS0054,CNC,0054,ALLOWED AFTER CHF/CNR T A block in which chamfering in the specified angle or the corner R was specified includes a taper command. Modify the program.,NO TAPER,FANUC
PS0055,CNC,0055,MOVE VALUE IN CHF/CNR The travel distance specified in the chamfering or corner R block is smaller than the amount of the chamfering or corner R. Modify the program.,MISSING,FANUC
PS0056,CNC,0056,"POINT & ANGLE IN CHF/CNR T In direct dimension drawing programming, both an end point and an angle were specified in the block next to the block in which only an angle was specified (Aa). Modify the program.",NO END,FANUC
PS0057,CNC,0057,OF BLOCK END T Block end point is not calculated correctly in direct dimension drawing programming. Modify the program.,NO SOLUTION,FANUC
PS0058,CNC,0058,POINT NOT FOUND T Block end point is not found in direct dimension drawing programming. Modify the program.,END,FANUC
PS0060,CNC,0060,"NUMBER NOT FOUND [External data input/output] The specified number could not be found for program number and sequence number searches. A request was issued for input/output of an offset amount for tool data, but a tool number has never been entered after power-up. The tool data corresponding to the entered tool number could not be found. [External workpiece number search] The program corresponding to the specified workpiece number could not be found. [Program restart] In the program restart sequence number specification, the specified sequence number could not be found.",SEQUENCE,FANUC
PS0061,CNC,0061,"Q COMMAND IS NOT IN THE MULTIPLE REPETIVE CYCLES BLOCK T Address P or Q is not specified in multiple repetitive cycle (G70, G71, G72, or G73) command.",P OR,FANUC
PS0062,CNC,0062,CUTTING AMOUNT IS ILLEGAL IN THE ROUGH CUTTING CYCLE T A zero or a negative value was specified in a multiple repetitive canned rough-cutting cycle (G71 or G72) as the depth of cut.,THE,FANUC
PS0063,CNC,0063,"BLOCK OF A SPECIFIED SEQUENCE NUMBER IS NOT FOUND T The sequence number specified by addresses P and Q in multiple repetitive cycle (G70, G71, G72, or G73) command cannot be searched. B-64305EN/03 APPENDIX A.ALARM LIST",THE,FANUC
PS0064,CNC,0064,"FINISHING SHAPE IS NOT A MONOTONOUS CHANGE(FIRST AXES) T In a shape program for the multiple repetitive canned rough-cutting cycle (G71 or G72), the command for the first plane axis was not a monotonous increase or decrease.",THE,FANUC
PS0065,CNC,0065,"IS NOT IN THE FIRST BLOCK OF SHAPE PROGRAM T In the first block of the shape program specified by P of the multiple repetitive canned cycle (G70, G71, G72, or G73), G00 or G01 was not specified.",G00/G01,FANUC
PS0066,CNC,0066,"COMMAND IS IN THE MULTIPLE REPETIVE CYCLES BLOCK T An unavailable command was found in a multiple repetitive canned cycle (G70, G71, G72, or G73) command block.",UNAVAILABLE,FANUC
PS0067,CNC,0067,"MULTIPLE REPETIVE CYCLES IS NOT IN THE PART PROGRAM STORAGE T A multiple repetitive canned cycle (G70, G71, G72, or G73) command is not registered in a tape memory area.",THE,FANUC
PS0069,CNC,0069,"BLOCK OF SHAPE PROGRAM IS AN ILLEGAL COMMAND T In a shape program in the multiple repetitive canned cycle (G70, G71, G72, or G73), a command for the chamfering or corner R in the last block is terminated in the middle.",LAST,FANUC
PS0070,CNC,0070,"SPACE IN MEMORY The memory area is insufficient. Delete any unnecessary programs, then retry.",NO PROGRAM,FANUC
PS0071,CNC,0071,"NOT FOUND 1) The address to be searched was not found. 2) The program with specifi ed program number was not found in program number search. 3) In the program restart bl ock number specification, the specified block number could not be found. Check the data.",DATA,FANUC
PS0072,CNC,0072,NOT FOUND The number of programs to be stored exceeded 400 (1-path system) or 800 (2-path system of T series). Delete unnecessary programs and execute program registration again.,DATA,FANUC
PS0073,CNC,0073,NUMBER ALREADY IN USE The commanded program number has already been used. Change the program number or delete unnecessary programs and execute program registration again.,PROGRAM,FANUC
PS0074,CNC,0074,NUMBER ALREADY IN USE The program number is other than 1 to 9999. Modify the program number.,PROGRAM,FANUC
PS0076,CNC,0076,"NOT FOUND The specified program is not found in the subprogram call or macro call. The M, G, or T codes are called by a P instruction other than that in an M98, M198, G65, G66, or interrupt type custom macro, and a program is called by a specific address. This alarm is also generated when a program is not found by these calls.",PROGRAM,FANUC
PS0077,CNC,0077,"MANY SUB,MACRO NESTING The total number of subprogram and macro calls exceeds the permissible range. Another subprogram call was executed during an external memory subprogram call. A.ALARM LIST APPENDIX B-64305EN/03",TOO,FANUC
PS0078,CNC,0078,NUMBER NOT FOUND The specifi ed sequence No. was not found during sequence number search. The sequence No. specified as the jump destination in GOTO–– and M99P–– was not found.,SEQUENCE,FANUC
PS0079,CNC,0079,NOT MATCH The program in memory does not match the program stored on tape. Multiple programs cannot be matched continuously when bit 6 (NPE) of parameter No. 3201 is set to “1”. Set bit 6 (NPE) of parameter No. 3201 to “0” before executing a match.,PROGRAM,FANUC
PS0080,CNC,0080,"MEASURING POSITION REACHED SIGNAL IS NOT PROPERLY INPUT M When the tool length measurement function (G37) is performed, a measuring position reached signal goes 1 in front of the area determined by the ε value specified in parameter No.6254. Alternatively, the signal does not go 1. T When the automatic tool compensation function (G36, G37) is used, a measuring position reached signals (XAE1, XAE2) does not go 1 within the range determined by the ε value specified in parameters Nos.6254 and 6255.",G37,FANUC
PS0081,CNC,0081,"OFFSET NO. UNASSIGNED M The tool length measurement function (G37) is specified without specifying an H code. Correct the program. T The automatic tool compensation function (G36, G37) is specified without specifying an T code. Correct the program.",G37,FANUC
PS0082,CNC,0082,"SPECIFIED WITH H CODE M The tool length measurement function (G37) is specified together with an H code in the same block. Correct the program. T The automatic tool compensation function (G36, G37) is specified together with an T code in the same block. Correct the program.",G37,FANUC
PS0083,CNC,0083,"IMPROPER AXIS COMMAND M An error has been found in axis specification of the tool length measurement function (G37). Alternatively, a move command is specified as an incremental command. Correct the program. T An error has been found in axis specification of the automatic tool compensation function (G36, G37). Alternatively, a command is specified as an incremental command. Correct the program.",G37,FANUC
PS0085,CNC,0085,"ERROR The next character was received from the I/O device connected to reader/punch interface 1 before it could read a previously received character. An overrun, parity error, or framing error occurred during the reading by reader/punch interface 1. The number of bits in the entered data, the baud rate setting, or the I/O unit specification number is incorrect. B-64305EN/03 APPENDIX A.ALARM LIST",OVERRUN,FANUC
PS0086,CNC,0086,"During I/O process by reader/punch interface 1, the data set ready input signal of the I/O device (DR) was OFF. Possible causes are an I/O device not turn on, a broken cable, and a defective printed circuit board.",DR OFF,FANUC
PS0087,CNC,0087,"OVERFLOW During a read by reader/punch interface 1, although a read stop command was issued, more than 10 characters were input. The I/O device or printed circuit board was defective.",BUFFER,FANUC
PS0090,CNC,0090,"RETURN INCOMPLETE 1) The reference position return cannot be performed normally because the reference position return start point is too close to the reference position or the speed is too slow. Separate the start point far enough from the reference position, or specify a sufficiently fast speed for reference position return. 2) An attempt was made to set the zero position for the absolute position detector by return to the reference position when it was impossible to set the zero point. Rotate the motor manually at least one turn, and set the zero position of the absolute position detector after turning the CNC and servo amplifier off and then on again.",REFERENCE,FANUC
PS0091,CNC,0091,REFERENCE POSITION RETURN IS NOT PERFORMED IN FEED HOLD Manual return to the reference position cannot be performed when automatic operation is halted. Perform the manual return to the reference position when automatic operation is stopped or reset.,MANUAL,FANUC
PS0092,CNC,0092,RETURN CHECK (G27) ERROR The axis specified in G27 has not returned to reference position. Reprogram so that the axis returns to reference position.,ZERO,FANUC
PS0094,CNC,0094,"NOT ALLOWED (COORD CHG) P type cannot be specified when the program is restarted. (After the automatic operation was interrupted, the coordinate system setting operation was performed.) Perform the correct operation according to the User's manual.",P TYPE,FANUC
PS0095,CNC,0095,"NOT ALLOWED (EXT OFS CHG) P type cannot be specified when the program is restarted. (After the automatic operation was interrupted, the external workpiece origin offset amount changed.) Perform the correct operation according to the User's manual.",P TYPE,FANUC
PS0096,CNC,0096,"NOT ALLOWED (WRK OFS CHG) P type cannot be specified when the program is restarted. (After the automatic operation was interrupted, the workpiece origin offset amount changed.) Perform the correct operation according to the User's manual.",P TYPE,FANUC
PS0097,CNC,0097,"NOT ALLOWED (AUTO EXEC) P type cannot be directed when the program is restarted. (After power ON or alarms 0094 to 0097 reset, no automatic operation is performed.) Perform automatic operation.",P TYPE,FANUC
PS0099,CNC,0099,"EXEC NOT ALLOWED AFT. SEARCH After completion of search in program restart, a move command is given with MDI.",MDI,FANUC
PS0109,CNC,0109,"ERROR IN G08 T A value other than 0 or 1 was specified after P in the G08 code, or no value was specified.",FORMAT,FANUC
PS0110,CNC,0110,:INTEGER An integer went out of range during arithmetic calculations.,OVERFLOW,FANUC
PS0111,CNC,0111,:FLOATING A decimal point (floating point number format data) went out of range during arithmetic calculations.,OVERFLOW,FANUC
PS0112,CNC,0112,DIVIDE An attempt was made to divide by zero in a custom macro.,ZERO,FANUC
PS0113,CNC,0113,COMMAND A function which cannot be used in custom macro is commanded. Modify the program.,IMPROPER,FANUC
PS0114,CNC,0114,EXPRESSION FORMAT The format used in an expression in a custom macro statement is in error. The parameter tape format is in error.,ILLEGAL,FANUC
PS0115,CNC,0115,"NO. OUT OF RANGE A number that cannot be used for a local variable, common variable, or system variable in a custom macro is specified. A.ALARM LIST APPENDIX B-64305EN/03",VARIABLE,FANUC
PS0116,CNC,0116,PROTECTED VARIABLE An attempt was made in a custom macro to use on the left side of an expression a variable that can only be used on the right side of an expression.,WRITE,FANUC
PS0118,CNC,0118,MANY BRACKET NESTING Too many brackets “[ ]” were nested in a custom macro. The nesting level including function brackets is 5.,TOO,FANUC
PS0119,CNC,0119,VALUE OUT OF RANGE The value of an argument in a custom macro function is out of range.,ARGUMENT,FANUC
PS0122,CNC,0122,MANY MACRO NESTING Too many macro calls were nested in a custom macro.,TOO,FANUC
PS0123,CNC,0123,MODE FOR GOTO/WHILE/DO A GOTO statement or WHILE–DO statement was found in the main program in the MDI or DNC mode.,ILLEGAL,FANUC
PS0124,CNC,0124,END STATEMENT The END instruction corresponding to the DO instruction was missing in a custom macro.,MISSING,FANUC
PS0125,CNC,0125,STATEMENT FORMAT ERROR The format used in a macro statement in a custom macro is in error.,MACRO,FANUC
PS0126,CNC,0126,"LOOP NUMBER DO and END Nos. in a custom macro are in error, or exceed the permissible range (valid range: 1 to 3).",ILLEGAL,FANUC
PS0127,CNC,0127,"NC,MACRO STATEMENT An NC statement and macro statement were specified in the same block.",DUPLICATE,FANUC
PS0128,CNC,0128,MACRO SEQUENCE NUMBER The specified sequence No. could not be found for sequence number search. The sequence No. specified as the jump destination in GOTO-- and M99P-- could not be found.,ILLEGAL,FANUC
PS0129,CNC,0129,'G' AS ARGUMENT G is used as an argument in a custom macro call. G cannot be used as an argument.,USE,FANUC
PS0130,CNC,0130,PMC AXIS ARE CONFLICTED The NC command and the PMC axis control command were conflicted. Modify the program or ladder.,NC AND,FANUC
PS0137,CNC,0137,& MOVE CMD IN SAME BLK. T The M code for spindle positioning and the axis address of a spindle positioning axis were specified simultaneously.,M-CODE,FANUC
PS0140,CNC,0140,"NUMBER ALREADY IN USE In the background, an attempt was made to select or delete the program being selected in the foreground. Perform the correct operation for the background edition.",PROGRAM,FANUC
PS0142,CNC,0142,SCALE RATE M The scaling rate is 0 times or 10000 times or more. Modify the setting of the scaling rate. (G51P_ … or G51I_J_K_ … or param eter No. 5411 or 5421),ILLEGAL,FANUC
PS0143,CNC,0143,"DATA OVERFLOW An overflow occurr ed in the storage length of the CNC internal data. This alarm is also generated when the result of internal calculation of scaling (M series), coordinate rotation (M series), and cylindrical interpolation overflows the data storage. It also is generated during input of the manual intervention amount.",COMMAND,FANUC
PS0144,CNC,0144,PLANE SELECTED M The coordinate rotation plane and arc or cutter compensation plane must be the same. Modify the program. B-64305EN/03 APPENDIX A.ALARM LIST,ILLEGAL,FANUC
PS0145,CNC,0145,USE OF G12.1/G13.1 T The axis No. of plane selection parameter No. 5460 (linear axis) and No. 5461(axis of rotation) in the polar coordinate interpolation mode is out of range (1 to number of controlled axes).,ILLEGAL,FANUC
PS0146,CNC,0146,"USE OF G-CODE T The G code must be G40 modal when the polar coordinate interpolation mode is set or canceled. An illegal G code was specified while in the polar coordinate interpolation mode. Only the following G codes can be specified in this mode. G01,G02,G03,G04,G40,G41,G42,G65,G66,G67, (G90 and G91 for the G code system B or C), G98,G99",ILLEGAL,FANUC
PS0148,CNC,0148,ERROR M Automatic corner override deceleration rate is out of the settable range of judgement angle. Modify the parameters Nos.1710 to 1714.,SETTING,FANUC
PS0149,CNC,0149,"ERROR IN G10L3 In registration (G10L3 to G11) of tool life management data, an address other than Q1, Q2, P1, and P2 or an unusable address was specified.",FORMAT,FANUC
PS0150,CNC,0150,LIFE GROUP NUMBER The tool group number exceeded the maximum allowable value. The tool group number (P after specification of G10 L3;) or the group number given by the tool life management T code in a machining program.,ILLEGAL,FANUC
PS0151,CNC,0151,NOT FOUND AT LIFE DATA The tool group spec ified in a machining program is not set in tool life management data.,GROUP,FANUC
PS0152,CNC,0152,MAXIMUM TOOL NUMBER The number of tools registered in one group exceeded the maximum allowable registration tool number.,OVER,FANUC
PS0153,CNC,0153,"NOT FOUND In registration of tool life data, a block in which the T code needs to be specified does not include the T code. Alternatively, in tool exchange method D, M06 is specified solely. Modify the program.",T-CODE,FANUC
PS0155,CNC,0155,"T-CODE COMMAND In a machining program, the T code specified in the same block as M06 does not correspond to the group in current use. Modify the program.",ILLEGAL,FANUC
PS0156,CNC,0156,COMMAND NOT FOUND The P and L commands are not specified in the beginning of a program for setting a tool group. Modify the program.,P/L,FANUC
PS0157,CNC,0157,"MANY TOOL GROUPS In registration of tool life management data, the group setting command block counts of P (group number) and L (tool life) exceeded the maximum group count.",TOO,FANUC
PS0158,CNC,0158,LIFE VALUE OUT OF RANGE The life value that is being set is too large. Change the setting.,TOOL,FANUC
PS0159,CNC,0159,TOOL LIFE DATA Tool life management data is corrupted for some reason. Register the tool data in the tool group or the tool data in the group again by G10L3; or MDI input.,ILLEGAL,FANUC
PS0160,CNC,0160,WAITING M-CODE A waiting M-code is in error. Different waiting M codes are specified for paths 1 and 2.,MISMATCH,FANUC
PS0163,CNC,0163,COMMAND IN G68/G69 T G68 and G69 are not independently commanded in balance cut.,ILLEGAL,FANUC
PS0169,CNC,0169,"TOOL GEOMETRY DATA T Incorrect tool figure data in interference check. Set correct data, or select correct tool figure data. A.ALARM LIST APPENDIX B-64305EN/03",ILLEGAL,FANUC
PS0175,CNC,0175,"G07.1 AXIS An axis which cannot perform cylindrical interpolation was specified. More than one axis was specified in a G07.1 block. An attempt was made to cancel cylindrical interpolation for an axis that was not in the cylindrical interpolation mode. In cylindrical interpolation mode, to specify circular interpolation including a rotation axis (when bit 0 (ROT) of parameter No. 1006 is 1 and parameter No. 1260 is set), the value of rotation axis parameter No. 1022 must not be 0 but 5, 6, or 7 for parallel axis specification.",ILLEGAL,FANUC
PS0176,CNC,0176,G-CODE USE(G07.1 MODE) A G code was specified that cannot be specified in the cylindrical interpolation mode. This alarm also is generated when an 01 group G code was in the G00 modal or code G00 was instructed. Cancel the cylindrical interpolation mode before instructing code G00.,ILLEGAL,FANUC
PS0190,CNC,0190,AXIS SELECTED (G96) An illegal val ue was specified in P in a G96 block or parameter No. 3770.,ILLEGAL,FANUC
PS0197,CNC,0197,COMMANDED IN SPINDLE MODE The program specified a movement along the Cs-axis when the Cs contour control switching signal was off.,C-AXIS,FANUC
PS0199,CNC,0199,WORD UNDEFINED Undefined macro word was used. Modify the custom macro.,MACRO,FANUC
PS0200,CNC,0200,"S CODE COMMAND In the rigid tap, an S value was out of range or was not specified. The parameters Nos. 5241 to 5243 setting is an S value which can be specified for the rigid tap. Correct the parameters or modify the program.",ILLEGAL,FANUC
PS0201,CNC,0201,"NOT FOUND IN RIGID TAP The command F code for a cutting feedrate is a zero. If the value of F command is much smaller than that of the S command, when a rigid tap command is specified, this alarm is generated. This is because cutting is not possible by the lead specified by the program.",FEEDRATE,FANUC
PS0202,CNC,0202,"LSI OVERFLOW In the rigid tap, spindle distribution value is too large. (System error)",POSITION,FANUC
PS0203,CNC,0203,"MISS AT RIGID TAPPING In the rigid tap, position for a rigid M code (M29) or an S command is incorrect. Modify the program.",PROGRAM,FANUC
PS0204,CNC,0204,"AXIS OPERATION In the rigid tap, an axis movement is specified between the rigid M code (M29) block and G84 (or G74) block. Modify the program.",ILLEGAL,FANUC
PS0205,CNC,0205,"MODE DI SIGNAL OFF Although a rigid M code (M29) is specified in rigid tapping, the rigid mode DI signal (DGN G061.0) is not ON during execution of the G84 (or G74) block. Check the PMC ladder diagram to find the reason why the DI signal is not turned on.",RIGID,FANUC
PS0206,CNC,0206,NOT CHANGE PLANE (RIGID TAP) Plane changeover was instructed in the rigid mode. Modify the program.,CAN,FANUC
PS0207,CNC,0207,DATA MISMATCH The specified distance was too short or too long in rigid tapping. B-64305EN/03 APPENDIX A.ALARM LIST,RIGID,FANUC
PS0210,CNC,0210,"NOT COMMAND M198/M99 1) The executi on of an M198 or M99 command was attempted during scheduled operation. Alternatively, the execution of an M198 command was attempted during DNC operation. Modify the program. T 2) The execution of an M99 command was attempted by an interrupt macro during pocket machining in a multiple repetitive canned cycle.",CAN,FANUC
PS0213,CNC,0213,"COMMAND IN SYNCHRO-MODE In feed axis control , the following errors occurred during the synchronous operation. 1) The program issued the move command to the slave axis. 2) The program issued the m anual operation to the slave axis. 3) The program issued the aut omatic reference position return command without specifying the manual reference position return after the power was turned on.",ILLEGAL,FANUC
PS0214,CNC,0214,COMMAND IN SYNCHRO-MODE Coordinate system is set or tool length compensation (M series) of the shift type is executed in the synchronous control. Correct the program.,ILLEGAL,FANUC
PS0217,CNC,0217,G51.2(COMMANDS) T G51.2 is further commanded in the G51.2 mode. Modify the program.,DUPLICATE,FANUC
PS0219,CNC,0219,G51.2/G50.2 INDEPENDENTLY T G51.2 and 50.2 were specified in the same block for other commands. Modify the program in another block.,COMMAND,FANUC
PS0220,CNC,0220,"COMMAND IN SYNCHR-MODE In the synchronous operation, movement is commanded by the NC program or PMC axis control interface for the synchronous axis. Modify the program or check the PMC ladder.",ILLEGAL,FANUC
PS0221,CNC,0221,COMMAND IN SYNCHR-MODE T Polygon machining synchronous operation and Cs axis contour control or balance cutting are executed at a time. Modify the program.,ILLEGAL,FANUC
PS0222,CNC,0222,OP. NOT ALLOWED IN BG-EDIT Input and output are executed at a time in the background edition. Execute a correct operation.,DNC,FANUC
PS0224,CNC,0224,RETURN NOT FINISHED 1) A reference position return has not been performed before the start of automatic operation. (Only when bit 0 (ZRNx) of parameter No. 1005 is 0) Perform a reference position return. T 2) A command was specified for a spindle positioning axis not in the spindle positioning mode. Perform spindle orientation.,ZERO,FANUC
PS0230,CNC,0230,"NOT FOUND M Cut depth R is not specified in the block including G161. Alternatively, the value specified for R is negative. Modify the program.",R CODE,FANUC
PS0231,CNC,0231,FORMAT IN G10 L52 Errors occurred in the specified format at the programmable-parameter input.,ILLEGAL,FANUC
PS0232,CNC,0232,MANY HELICAL AXIS COMMAND Three or more axes were specified as helical axes in the helical interpolation mode. A.ALARM LIST APPENDIX B-64305EN/03,TOO,FANUC
PS0233,CNC,0233,"BUSY When an attempt was made to use a unit such as that connected via the RS C interface, other users were using it.",DEVICE,FANUC
PS0245,CNC,0245,"NOT ALLOWED IN THIS BLOCK One of the G codes, G04,G10,G28,G29 (M series),G30,G50 (T series), and G53, which cannot be specified in the same block as a T code, was specified with a T code.",T-CODE,FANUC
PS0247,CNC,0247,"MISTAKE IS FOUND IN THE OUTPUT CODE OF DATA. When an encrypted program is output, EIA is set for the output code. Specify ISO.",THE,FANUC
PS0250,CNC,0250,CHANGE ILLEGAL Z AXIS COMMAND A Z-axis move command was performed in the same block for M06 command.,TOOL,FANUC
PS0251,CNC,0251,CHANGE ILLEGAL T COMMAND An unusable T code was specified in M06Txx.,TOOL,FANUC
PS0300,CNC,0300,COMMAND IN SCALING An illegal G code was specified during scaling. Modify the program.,ILLEGAL,FANUC
PS0301,CNC,0301,"OF REFERENCE RETURN IS INHIBITED Although bit 0 (IDGx) of parameter No. 1012 was set to 1 to inhibit the reference position from being set again for a return to the reference position without a dog, an attempt was made to perform a manual return to the reference position.",RESETTING,FANUC
PS0302,CNC,0302,THE REFERENCE POSITION WITHOUT DOG IS NOT PERFORMED The reference position could not be set for a return to the reference position without a dog. Possible causes are: - The axis was not moved in the direction of a return to the reference position for jog feeding. - The axis was moved in the direction opposite to the direction of a manual return to the reference position.,SETTING,FANUC
PS0304,CNC,0304,"IS COMMANDED WITHOUT ZERO RETURN Although a reference position was not set, an automatic return to the reference position (G28) was commanded.",G28,FANUC
PS0305,CNC,0305,"POSITION IS NOT ASSIGNED M Although a G28 (automatic return to the reference position) or G30 (return to the second, third, or fourth reference position) command was not issued after power-up, G29 (return from the reference position) was commanded.",INTERMEDIATE,FANUC
PS0306,CNC,0306,"AXIS WITH CNR/CHF T The correspondence between the moving axis and the I, J, or K command is incorrect in a block in which chamfering is specified.",MISMATCH,FANUC
PS0307,CNC,0307,NOT START REFERENCE RETURN WITH MECHANICAL STOPPER SETTING An attempt was made to set a butt-type reference position for an axis for which to use the function to set a reference position without a dog.,CAN,FANUC
PS0310,CNC,0310,NOT FOUND The specified file could not be found during a subprogram or macro call.,FILE,FANUC
PS0311,CNC,0311,BY FILE NAME FORMAT ERROR An invalid format was specified to call a subprogram or macro using a file name.,CALLED,FANUC
PS0312,CNC,0312,"COMMAND IN DIRECT DRAWING DIMENSIONS PROGRAMMING T Direct input of drawing dimensions was commanded in an invalid format. An attempt was made to specify an invalid G code during direct input of drawing dimensions. Two or more blocks not to be moved exist in consecutive commands that specify direct input of drawing dimensions. Although non-use of commas (,) (parameter No. 3405#4 = 1) was specified for direct input of drawing dimensions, a comma was specified.",ILLEGAL,FANUC
PS0313,CNC,0313,"LEAD COMMAND T The variable-lead threading increment specified in address K exceeds the specified maximum value in variable-lead threading. Or, a negative lead value was specified. B-64305EN/03 APPENDIX A.ALARM LIST",ILLEGAL,FANUC
PS0314,CNC,0314,SETTING OF POLYGONAL AXIS T An axis was specified invalidly in polygon turning. For polygon turning: 1) A tool rotation axis is not specified. (Parameter No. 7610) For polygon turning between spindles: 1) Valid spindles are not specified. (Parameters Nos. 7640 to 7643) 2) A spindle other than the serial spindle. 3) A spindle is not connected.,ILLEGAL,FANUC
PS0315,CNC,0315,NOSE ANGLE COMMAND IS IN THE THREAD CUTTING CYCLE T An invalid tool tip angle is specified in a multiple repetitive canned threading cycle (G76).,ILLEGAL,FANUC
PS0316,CNC,0316,CUTTING AMOUNT IS IN THE THREAD CUTTING CYCLE T An minimum depth of cut higher than the thread height is specified in a multiple repetitive canned threading cycle (G76).,ILLEGAL,FANUC
PS0317,CNC,0317,THREAD COMMAND IS IN THE THREAD CUTTING CYCLE T A zero or a negative value is specified in a multiple repetitive canned threading cycle (G76) as the thread height or the depth of cut.,ILLEGAL,FANUC
PS0318,CNC,0318,"RELIEF AMOUNT IS IN THE DRILLING CYCLE T Although an escape directions is set in a multiple repetitive canned cutting-off cycle (G74 or G75), a negative value is specified for Δd.",ILLEGAL,FANUC
PS0319,CNC,0319,"END POINT COMMAND IS ILLEGAL IN THE DRILLING CYCLE T Although the Δi or Δk travel distance is set to 0 in a multiple repetitive canned cutting-off cycle (G74 or G75), a value other than 0 us specified for a U or W.",THE,FANUC
PS0320,CNC,0320,MOVEMENT AMOUNT/CUTTING AMOUNT IS IN THE DRILLING CYCLE T A negative value is specified in a multiple repetitive canned cutting-off cycle (G74 or G75) as Δi or Δk (travel distance/the depth of cut).,ILLEGAL,FANUC
PS0321,CNC,0321,REPEATED TIME IS IN THE PATTERN REPEATING CYCLE T A zero or a negative value is specified in a multiple repetitive canned closed loop cycle (G73) as a repeated time.,ILLEGAL,FANUC
PS0322,CNC,0322,SHAPE WHICH OVER OF STARTING POINT T An invalid shape which is over the cycle starting point is specified in a shape program for a multiple repetitive canned rough-cutting cycle (G71 or G72).,FINISHING,FANUC
PS0323,CNC,0323,"FIRST BLOCK OF SHAPE PROGRAM IS A COMMAND OF TYPE II T Type II is specified in the first block of the shape program specified by P in a multiple repetitive canned rough-cutting cycle (G71 or G72). For G71, Z(W) is specified. For G72, X(U) is specified.",THE,FANUC
PS0324,CNC,0324,"INTERRUPTION TYPE MACRO WAS DONE IN THE MULTIPLE REPETIVE CYCLES T An interruption type macro was issued during the multiple repetitive canned cycle (G70, G71, G72, or G73).",THE,FANUC
PS0325,CNC,0325,"COMMAND IS IN SHAPE PROGRAM T An usable command was issued in a shape program for a multiple repetitive canned cycle (G70, G71, G72, or G73).",UNAVAILABLE,FANUC
PS0326,CNC,0326,"BLOCK OF SHAPE PROGRAM IS A DIRECT DRAWING DIMENSIONS T In a shape program in the multiple repetitive canned cycle (G70, G71, G72, or G73), a command for direct input of drawing dimensions in the last block is terminated in the middle. A.ALARM LIST APPENDIX B-64305EN/03",LAST,FANUC
PS0327,CNC,0327,"THAT MULTIPLE REPETIVE CYCLES CANNOT BE DONE T A multiple repetitive canned cycle (G70, G71, G72, or G73) was commanded in a modal state in which a multiple repetitive canned cycle could not be commanded.",MODAL,FANUC
PS0328,CNC,0328,WORK POSITION IS IN THE TOOL NOSE RADIUS COMPENSATION T The specification for the blank side for a tool nose radius compensation (G41 or G42) is incorrect in a multiple repetitive canned cycle (G71 or G72).,ILLEGAL,FANUC
PS0329,CNC,0329,"FINISHING SHAPE IS NOT A MONOTONOUS CHANGE(SECOND AXES) T In a shape program for the multiple repetitive canned rough-cutting cycle (G71 or G72), the command of the second plane axis was not a monotonous increase or decrease.",THE,FANUC
PS0330,CNC,0330,"AXIS COMMAND IS IN THE TURNING CANNED CYCLE T An axis other than the plane is specified n a canned cycle(G90, G92, or G94).",ILLEGAL,FANUC
PS0334,CNC,0334,IS OUT OF EFFECTIVE RANGE An offset data which was out of the effective range was specified. (malfunction prevention function),OFFSET,FANUC
PS0336,CNC,0336,"COMPENSATION COMMANDED MORE TWO AXES M For a tool length compensation C, an attempt was made to command the offset to other axes without canceling the offset. Or, for a tool length compensation C, multiple axes are specified in G43 or G44 block.",TOOL,FANUC
PS0337,CNC,0337,MAXIMUM INCREMENTAL VALUE The command value exceeded the maximum amount of incremental. (malfunction prevention function),EXCESS,FANUC
PS0338,CNC,0338,EXEC SEQ OF BLOCK An incorrect value was detected in a check sum. (malfunction prevention function),ILLEGAL,FANUC
PS0345,CNC,0345,CHANGE ILLEGAL Z AXIS POS A tool change position on the Z-axis is incorrect.,TOOL,FANUC
PS0346,CNC,0346,CHANGE ILLEGAL TOOL NUM A tool number for tool change is incorrect.,TOOL,FANUC
PS0347,CNC,0347,CHANGE ILLEGAL COMMAND IN SAME BLK. Tool changing is commanded twice or more in the same block.,TOOL,FANUC
PS0348,CNC,0348,CHANGE Z AXIS POS NOT ESTABLISHED A tool change spindle on the Z-axis is not set.,TOOL,FANUC
PS0349,CNC,0349,CHANGE SPINDLE NOT STOP A tool change spindle stop is not stopped.,TOOL,FANUC
PS0350,CNC,0350,OF THE INDEX OF THE SYNCHRONOUS CONTROL AXIS SET ERROR. T An illegal synchronous control axis number (parameter No. 8180) is set.,PARAMETER,FANUC
PS0351,CNC,0351,"THE AXIS IS MOVING, THE SYNC CONTROL IS CAN'T BE USED. T While the axis being subject to synchronous control was moving, an attempt was made to start or cancel the synchronous control by a synchronous control axis selection signal.",BECAUSE,FANUC
PS0352,CNC,0352,"CONTROL AXIS COMPOSITION ERROR. T This error occurred when: 1) An attempt was made to perform synchronous control for the axis during a synchronization, composite, or superimposed control. 2) An attempt was made to synchronize a further great-grandchild for a parent-child-grandchild relation. 3) An attempt was made to operate synchronous control although a parent-child-grandchild relation was not set. B-64305EN/03 APPENDIX A.ALARM LIST",SYNCHRONOUS,FANUC
PS0353,CNC,0353,INSTRUCTION WAS DONE FOR THE AXIS WHICH WAS NOT ABLE TO MOVE. T This error occurred when: 1) A move command was executed for an axis for which bit 7 (NUMx) of parameter No. 8163 was 1. 2) A move command was executed for a slave axis in synchronous control. 3) A move command was executed for an axis for which bit 7 (MUMx) of parameter No. 8162 was 1 in composite control.,THE,FANUC
PS0354,CNC,0354,"G28 WAS INSTRUCTED IN WITH THE REF POS NOT FIXED IN SYNC MODE T This error occurred when G28 was specified to the master axis being parking during synchronous control, but an axis reference position is not set for the slave axis.",THE,FANUC
PS0355,CNC,0355,OF THE INDEX OF THE COMPOSITE CONTROL AXIS SET ERROR. T An illegal composite control axis number (parameter No. 8183) is specified.,PARAMETER,FANUC
PS0356,CNC,0356,"THE AXIS IS MOVING, THE COMP CONTROL IS CAN'T BE USED. T While the axis being subject to composite control was moving, an attempt was made to start or cancel the composite control by a composite control axis selection signal.",BECAUSE,FANUC
PS0357,CNC,0357,"CONTROL AXIS COMPOSITION ERROR. T This error occurred when an attempt was made to perform composite control for the axis during a synchronous, composite, or superimposed control.",COMPOSITE,FANUC
PS0359,CNC,0359,"G28 WAS INSTRUCTED IN WITH THE REF POS NOT FIXED IN COMP MODE T This error occurred when G28 was specified to the composite axis during composite control, but a reference position is not set to the other part of the composition.",THE,FANUC
PS0360,CNC,0360,OF THE INDEX OF THE SUPERPOS CONTROL AXIS SET ERROR. T An illegal superimposed control axis number (parameter No. 8186) is specified.,PARAMETER,FANUC
PS0361,CNC,0361,"THE AXIS IS MOVING, THE SUPERPOS CONTROL IS CAN'T BE USED. T While the axis being subject to superimposed control was moving, an attempt was made to start or cancel the superimposed control by a superimposed control axis selection signal.",BECAUSE,FANUC
PS0362,CNC,0362,"CONTROL AXIS COMPOSITION ERROR. T This error occurred when: 1) An attempt was made to perform superimposed control for the axis during a synchronous, composite, or superimposed control. 2) An attempt was made to synchronize a further great-grandchild for a parent-child-grandchild relation.",SUPERPOSITION,FANUC
PS0363,CNC,0363,G28 WAS INSTRUCTED IN TO THE SUPERPOS CONTROL SLAVE AXIS. T This error occurred when G28 was specified to the superimposed control slave axis during superimposed control.,THE,FANUC
PS0364,CNC,0364,G53 WAS INSTRUCTED IN TO THE SUPERPOS CONTROL SLAVE AXIS. T This error occurred when G53 was specified to the slave axis being moved during superimposed control.,THE,FANUC
PS0365,CNC,0365,"MANY MAXIMUM SV/SP AXIS NUMBER PER PATH The number of controlled axes or spindles to be used in one path is not set correctly. Check parameters No. 981 and No. 982. If this alarm is generated, the emergency stop state cannot be released.",TOO,FANUC
PS0369,CNC,0369,FORMAT ERROR 1) No axis is specifi ed or two or more axes are specified in the torque limit switch instruction (G31P98/P99). 2) G31P90 cannot be specified. A.ALARM LIST APPENDIX B-64305EN/03,G31,FANUC
PS0370,CNC,0370,"ERROR 1) The s pecified address P value for G31 is out of range. The address P range is 1 to 4 in a multistage skip function. 2) The specified address Q value for G04 is out of range. The address Q range is 1 to 4 in a multistage skip function. 3) P1-4 for G31, or Q1-4 for G04 was commanded without a multistage skip function option. T 4) In G72 or G74 in grindi ng canned cycles, the specified address P value is out of range. Address P ranges from 1 to 4 in the multistage skip function. P1-4 was specified in G72 or G74 even though the multistage skip function option is not present.",G31P/G04Q,FANUC
PS0372,CNC,0372,"RETURN INCOMPLETE An attempt was made to perform an automatic return to the reference position on the orthogonal axis before the completion of a return to the reference position on the angular axis. However, this attempt failed because a manual return to the reference position during angular axis control or an automatic return to the reference position after power-up was not commanded. First, return to the reference position on the angular axis, then return to the reference position on the orthogonal axis.",REFERENCE,FANUC
PS0373,CNC,0373,"HIGH-SPEED SKIP SIGNAL In the skip commands (G31, G31P1 to G31P4) and dwell commands (G04, G04Q1 to G04Q4), the same high-speed signal is selected in different paths.",ILLEGAL,FANUC
PS0375,CNC,0375,"NOT ANGULAR CONTROL(SYNC:MIX:OVL) Angular axis control is disabled for this axis configuration. 1) All related axes in angular axis control are not in synchronous control mode. Alternatively, settings must be made to provide synchronous control between angular axes, and also between orthogonal axes. 2) All related axes in angular axis control are not in composite control mode. Alternatively, settings must be made to provide composite control between angular axes, and also between orthogonal axes. 3) The related axes in angular axis control are in superimposed control mode.",CAN,FANUC
PS0376,CNC,0376,"DCL: ILLEGAL PARAMETER 1) When bit 1 of parameter No. 1815 is set to “1”, bit 3 of parameter No. 2002 is set to “0” 2) The absolute-position det ection function is enabled. (Bit 5 (APCx) of parameter No.1815 is set to “1”. )",SERIAL,FANUC
PS0412,CNC,0412,G CODE An unusable G code was used.,ILLEGAL,FANUC
PS0445,CNC,0445,AXIS OPERATION T The positioning command was issued in the speed control mode. Check the SV speed control mode signal (Fn521).,ILLEGAL,FANUC
PS0446,CNC,0446,"COMMAND IN G96.1/G96.2/G96.3/G96.4 T G96.1, G96.2, G96.3, and G96.4 are specified in the block that includes other commands. Modify the program.",ILLEGAL,FANUC
PS0447,CNC,0447,SETTING DATA The spindle controlled with the servo motor is not set correctly. Check the parameters for the function of spindle control with the servo motor.,ILLEGAL,FANUC
PS0455,CNC,0455,"COMMAND IN GRINDING In grinding canned cycles: M 1) The signs of the I, J, and K commands do not match. 2) The amount of travel of the grinding axis is not specified. B-64305EN/03 APPENDIX A.ALARM LIST",ILLEGAL,FANUC
PS0456,CNC,0456,"PARAMETER IN GRINDING Parameters related to grinding canned cycles are incorrectly set. Probable causes are given below. 1) The axis number of the grinding axis is incorrectly set (parameters Nos. 5176 to 5179). M 2) The axis number of the dressing axis is incorrectly set (parameters Nos. 5180 to 5183). 3) The axis numbers of the cut axis, grinding axis, and dressing axis (only for the M series) overlap.",ILLEGAL,FANUC
PS0601,CNC,0601,AXIS OPERATION FOR SERVO MOTOR SPINDLE A move command is executer for the spindle controlled with the servomotor. Modify the program.,ILLEGAL,FANUC
PS0602,CNC,0602,AXIS OPERATION FOR LIVE TOOL AXIS The spindle controlled with the serve motor is not selected correctly.,ILLEGAL,FANUC
PS1001,CNC,1001,CONTROL MODE ILLEGAL T he axis control mode is illegal.,AXIS,FANUC
PS1013,CNC,1013,POS. OF PROGRAM NO. Address O or N is specified where it must not (After the macro statement etc.).,ILLEGAL,FANUC
PS1014,CNC,1014,FORMAT OF PROGRAM NO. Address O or N is not followed by a number.,ILLEGAL,FANUC
PS1016,CNC,1016,NOT FOUND EOB (End of Block) code is missing at the end of a program input in the MDI mode.,EOB,FANUC
PS1077,CNC,1077,"IN USE An attempt was made in the foreground to execute a program being edited in the background. The currently edited program cannot be executed, so end editing and restart program execution.",PROGRAM,FANUC
PS1079,CNC,1079,FILE NOT FOUND The program of the specified file No. is not registered in an external device. (external device subprogram call),PROGRAM,FANUC
PS1080,CNC,1080,DEVICE SUB PROGRAM CALL Another external device subprogram call was made from a subprogram after the subprogram called by the external device subprogram call.,DUPLICATE,FANUC
PS1081,CNC,1081,DEVICE SUB PROGRAM CALL MODE ERROR The external device subprogram call is not possible in this mode.,EXT,FANUC
PS1091,CNC,1091,SUB-CALL WORD More than one subpr ogram call instruction was specified in the same block.,DUPLICATE,FANUC
PS1092,CNC,1092,MACRO-CALL WORD More than one macro call instruction was specified in the same block.,DUPLICATE,FANUC
PS1093,CNC,1093,"NC-WORD & M99 An address other than O, N, P or L was specified in the same block as M99 during the macro modal call state.",DUPLICATE,FANUC
PS1095,CNC,1095,"MANY TYPE-2 ARGUMENT More than ten sets of I, J and K arguments were specified in the type–II arguments (A, B, C, I, J, K, I, J, K, ...) for custom macros.",TOO,FANUC
PS1096,CNC,1096,VARIABLE NAME An illegal variable name was specified. A code that cannot be specified as a variable name was specified. The command of [#_OFSxx] does not match the type (A or C) of tool compensation memory in current use.,ILLEGAL,FANUC
PS1097,CNC,1097,LONG VARIABLE NAME The specified variable name is too long.,TOO,FANUC
PS1098,CNC,1098,NAME The specified variable name cannot be used as it is not registered.,NO VARIABLE,FANUC
PS1099,CNC,1099,SUFFIX [ ] A suffix was not specified to a variable name that required a suffix enclosed by [ ]. A suffix was specified to a variable name that did not require a suffix enclosed by [ ]. The value enclosed by the specified [ ] was out of range.,ILLLEGAL,FANUC
PS1100,CNC,1100,WITHOUT MODAL CALL Call mode canc el (G67) was specified even though macro continuous–state call mode (G66) was not in effect. A.ALARM LIST APPENDIX B-64305EN/03,CANCEL,FANUC
PS1101,CNC,1101,CNC STATEMENT IRT. An interrupt was made in a state where a custom macro interrupt containing a move instruction could not be executed.,ILLEGAL,FANUC
PS1115,CNC,1115,PROTECTED VARIABLE An attempt was made in a custom macro to use on the right side of an expression a variable that can only be used on the left side of an expression.,READ,FANUC
PS1120,CNC,1120,"ARGUMENT FORMAT The specified argument in the argument function (ATAN, POW) is in error.",ILLEGAL,FANUC
PS1124,CNC,1124,DO STATEMENT The DO instruction corresponding to the END instruction was missing in a custom macro.,MISSING,FANUC
PS1125,CNC,1125,EXPRESSION FORMAT The description of the expression in a custom macro statement contains an error. A parameter program format error. The screen displayed to enter periodic maintenance data or item selection menu (machine) data does not match the data type.,ILLEGAL,FANUC
PS1128,CNC,1128,NUMBER OUT OF RANGE The jump destination sequence No. in a custom macro statement GOTO instruction was out of range (valid range: 1 to 99999).,SEQUENCE,FANUC
PS1131,CNC,1131,OPEN BRACKET The number of left brackets ([) is less than the number of right brackets (]) in a custom macro statement.,MISSING,FANUC
PS1132,CNC,1132,CLOSE BRACKET The number of right brackets (]) is less than the number of left brackets ([) in a custom macro statement.,MISSING,FANUC
PS1133,CNC,1133,'=' An equal sign (=) is missing in the arithmetic calculation instruction in a custom macro statement.,MISSING,FANUC
PS1134,CNC,1134,"',' A delimiter (,) is missing in a custom macro statement.",MISSING,FANUC
PS1137,CNC,1137,FORMAT ERROR The format used in the IF statement in a custom macro is in error.,IF STATEMENT,FANUC
PS1138,CNC,1138,STATEMENT FORMAT ERROR The format used in the WHILE statement in a custom macro is in error.,WHILE,FANUC
PS1139,CNC,1139,STATEMENT FORMAT ERROR The format used in the SETVN statement in a custom macro is in error.,SETVN,FANUC
PS1141,CNC,1141,CHARACTER IN VAR. NAME The SETVN statement in a custom macro contacts a character that cannot be used in a variable name.,ILLEGAL,FANUC
PS1142,CNC,1142,LONG V-NAME (SETVN) The variable name used in a SETVN statement in a custom macro exceeds 8 characters.,TOO,FANUC
PS1143,CNC,1143,STATEMENT FORMAT ERROR The format used in the BPRINT statement or DPRINT statement is in error.,BPRNT/DPRNT,FANUC
PS1144,CNC,1144,"FORMAT ERROR Data input for the L No. of G10 or the corresponding function is not enabled. Data setting address P or R is not specified. An address not relating to the data setting is specified. Which address to specify varies according to the L No. The sign, decimal point or range of the specified address are in error.",G10,FANUC
PS1160,CNC,1160,"DATA OVERFLOW An overflow occurred in the position data within the CNC. This alarm is also generated if the target position of a command exceeds the maximum stroke as a result of calculation such as coordinate conversion, offset, or introduction of a manual intervention amount.",COMMAND,FANUC
PS1180,CNC,1180,PARALLEL AXES IN PARKING T All of the axis specified for automatic operation are parked.,ALL,FANUC
PS1196,CNC,1196,"DRILLING AXIS SELECTED An illegal axis was specified for drilling in a canned cycle for drilling. In the G code command block in a canned cycle, a Z point is not specified for the drilling axis. B-64305EN/03 APPENDIX A.ALARM LIST",ILLEGAL,FANUC
PS1200,CNC,1200,INVALID ZERO RETURN The grid position could not be calculated during grid reference position return using the grid system as the one–revolution signal was not received before leaving the deceleration dog. This alarm is also generated when the tool does not reach a feedrate that exceeds the servo error amount preset to parameter No. 1836 before the deceleration limit switch is left (deceleration signal *DEC returns to “1”).,PULSCODER,FANUC
PS1202,CNC,1202,"COMMAND AT G93 M F codes in the inverse time specification mode (G93) are not handled as modal, and must be specified in individual blocks.",NO F,FANUC
PS1223,CNC,1223,SPINDLE SELECT An attempt was made to execute an instruction that uses the spindle although the spindle to be controlled has not been set correctly.,ILLEGAL,FANUC
PS1298,CNC,1298,INCH/METRIC CONVERSION An error occurred during inch/metric switching.,ILLEGAL,FANUC
PS1300,CNC,1300,ADDRESS The axis No. address was specified even though the parameter is not an axis–type while loading parameters or pitch error compensation data from a tape or by entry of the G10 parameter. Axis No. cannot be specified in pitch error compensation data.,ILLEGAL,FANUC
PS1301,CNC,1301,"ADDRESS The axis No. was not specified even though the parameter is an axis–type while loading parameters or pitch error compensation data from a tape or by entry of the G10 parameter. Or, data No. address N, or setting data address P or R are not specified.",MISSING,FANUC
PS1302,CNC,1302,DATA NUMBER A non–existent data No. was found while loading parameters or pitch error compensation data from a tape or by entry of the G10 parameter. This alarm is also generated when illegal word values are found.,ILLEGAL,FANUC
PS1303,CNC,1303,AXIS NUMBER An axis No. address exceeding the maximum number of controlled axes was found while loading parameters from a tape or by entry of the G10 parameter.,ILLEGAL,FANUC
PS1304,CNC,1304,MANY DIGIT Data with too many digits was found while loading parameters or pitch error compensation data from a tape.,TOO,FANUC
PS1305,CNC,1305,OUT OF RANGE Out–of–range data was found while loading parameters or pitch error compensation data from a tape. The values of the data setting addresses corresponding to L Nos. during data input by G10 was out of range. This alarm is also generated when NC programming words contain out–of–range values.,DATA,FANUC
PS1306,CNC,1306,AXIS NUMBER A parameter which requires an axis to be specified was found without an axis No. (address A) while loading parameters from a tape.,MISSING,FANUC
PS1307,CNC,1307,"USE OF MINUS SIGN Data with an illegal sign was found while loading parameters or pitch error compensation data from a tape, or by entry of the G10 parameter. A sign was specified to an address that does not support the use of signs.",ILLEGAL,FANUC
PS1308,CNC,1308,DATA An address not followed by a numeric value was found while loading parameters or pitch error compensation data from a tape.,MISSING,FANUC
PS1329,CNC,1329,MACHINE GROUP NUMBER An machine group No. address exceeding the maximum number of controlled machine groups was found while loading parameters from a tape or by entry of the G10 parameter. A.ALARM LIST APPENDIX B-64305EN/03,ILLEGAL,FANUC
PS1330,CNC,1330,SPINDLE NUMBER An spindle No. address exceeding the maximum number of controlled spindles was found while loading parameters from a tape or by entry of the G10 parameter.,ILLEGAL,FANUC
PS1331,CNC,1331,PATH NUMBER An path No. address exceeding the maximum number of controlled path was found while loading parameters from a tape or by entry of the G10 parameter.,ILLEGAL,FANUC
PS1332,CNC,1332,"WRITE LOCK ERROR Could not load data while loading parameters, pitch error compensation data and work coordinate data from tape.",DATA,FANUC
PS1333,CNC,1333,WRITE ERROR Could not write data while loading data from tape.,DATA,FANUC
PS1508,CNC,1508,M-CODE (INDEX TABLE REVERSING) M A function to which the same code as this M code is set exists. (index table indexing),DUPLICATE,FANUC
PS1509,CNC,1509,"M-CODE (SPOS AXIS ORIENTATION) T A function to which the same code as this M code is set exists. (spindle positioning, orientation)",DUPLICATE,FANUC
PS1510,CNC,1510,"M-CODE (SPOS AXIS POSITIONING) T A function to which the same code as this M code is set exists. (spindle positioning, positioning)",DUPLICATE,FANUC
PS1511,CNC,1511,"M-CODE (SPOS AXIS RELEASE) T A function to which the same code as this M code is set exists. (spindle positioning, mode cancel)",DUPLICATE,FANUC
PS1533,CNC,1533,F UNDERFLOW (G95) The feedrate for t he hole drilling axis calculated from the F and S codes is too slow in the feed per single rotation mode.,ADDRESS,FANUC
PS1534,CNC,1534,F OVERFLOW (G95) The feedrate for the hole drilling axis calculated from the F and S codes is too fast in the feed per single rotation mode.,ADDRESS,FANUC
PS1537,CNC,1537,F UNDERFLOW (OVERRIDE) The speed obtained by applying override to the F instruction is too slow.,ADDRESS,FANUC
PS1538,CNC,1538,F OVERFLOW (OVERRIDE) The speed obtained by applying override to the F instruction is too fast.,ADDRESS,FANUC
PS1541,CNC,1541,ZERO “0” has been instructed as the S code.,S-CODE,FANUC
PS1543,CNC,1543,"GEAR SETTING T The gear ratio between the spindle and position coder, or the set position coder number of pulses is illegal in the spindle positioning function.",ILLEGAL,FANUC
PS1544,CNC,1544,OVER MAX The S command exceeds the maximum spindle rotation number.,S-CODE,FANUC
PS1548,CNC,1548,AXIS MODE The spindle positioning (T series) axis/Cs contour control axis was specified during switching of the controlled axis mode.,ILLGAL,FANUC
PS1561,CNC,1561,INDEXING ANGLE M The specified angle of rotation is not an integer multiple of the minimum indexing angle.,ILLEGAL,FANUC
PS1564,CNC,1564,TABLE AXIS – OTHER AXIS SAME TIME M The index table indexing axis and another axis have been specified in the same block. B-64305EN/03 APPENDIX A.ALARM LIST,INDEX,FANUC
PS1567,CNC,1567,TABLE AXIS DUPLICATE AXIS COMMAND M Index table indexing was specified during axis movement or on an axis for which the index table indexing sequence was not completed.,INDEX,FANUC
PS1590,CNC,1590,A TH error was detected during reading from an input device. The read code that caused the TH error and how many statements it is from the block can be verified in the diagnostics screen.,TH ERROR,FANUC
PS1591,CNC,1591,An error was detected during the single–block TV error. The TV check can be suppressed by setting bit 0 (TVC) of parameter No. 0000 to “0”.,TV ERROR,FANUC
PS1592,CNC,1592,"OF RECORD The EOR (End of Record) code is specified in the middle of a block. This alarm is also generated when the percentage at the end of the NC program is read. For the program restart function, this alarm is generated if a specified block is not found.",END,FANUC
PS1593,CNC,1593,"PARAMETER SETTING ERROR M Error in setting a parameter related to the EGB 1) The setting of SYN, bit 0 of parameter No. 2011, is not correct. 2) The slave axis specified with G81 is not set as a rotation axis. (ROT, bit 0 of parameter No. 1006) 3) Number of pulses per rotati on (Parameter (No. 7772 or No. 7773) is not set.)",EGB,FANUC
PS1594,CNC,1594,"FORMAT ERROR M Error in the format of the block of an EGB command 1) T (number of teeth) is not specified in the G81 block. 2) In the G81 block, the data specified for one of T, L, P, and Q is out of its valid range. 3) n the G81 block, only one of P and Q is specified.",EGB,FANUC
PS1595,CNC,1595,"IN EGB MODE M During synchronization with the EGB, a command that must not be issued is issued. 1) Slave axis command using G 27, G28, G29, G30, G33, G53, etc. 2) Inch/metric conversion command using G20, G21, etc.",ILL-COMMAND,FANUC
PS1596,CNC,1596,OVERFLOW M An overflow occurred in the calculation of the synchronization coefficient.,EGB,FANUC
PS1805,CNC,1805,"COMMAND [I/O Device] An attempt was made to specify an illegal command during I/O processing on an I/O device. [G30 Reference Position Return] The address P numbers for specifying the 2nd, 3rd, and 4th reference position returns are not 2, 3, and 4. [Single Rotation Dwell] The specified spindle rotation is “0” when single rotation dwell is specified.",ILLEGAL,FANUC
PS1806,CNC,1806,TYPE MISS MATCH An operation not possible on the I/O device that is currently selected in the setting was specified. This alarm is also generated when file rewind is instructed even though the I/O device is not a FANUC Cassette.,DEVICE,FANUC
PS1807,CNC,1807,"SETTING ERROR An illegal I/O interface is specified. The external I/O device and baud rate, stop bit and protocol selection settings are erroneous. A.ALARM LIST APPENDIX B-64305EN/03",PARAMETER,FANUC
PS1808,CNC,1808,DOUBLE OPENED An attempt was made to open a device that is being accessed.,DEVICE,FANUC
PS1820,CNC,1820,"DI SIGNAL STATE 1) An each axis workpiece coordinate system preset signal was turned “1” in the state in which all axes on the path including the axis on which to perform preset with the each axis workpiece coordinate system were not stopped or in which a command was in execution. 2) When the M code for performi ng preset with an each axis workpiece coordinate system preset signal is specified, the each axis workpiece coordinate system preset signal is not input. 3) The auxiliary function lock is enabled.",ILLEGAL,FANUC
PS1823,CNC,1823,ERROR(1) The stop bit of the character received from the I/O device connected to reader/punch interface 1 was not detected.,FRAMING,FANUC
PS1832,CNC,1832,ERROR(2) The next character was received from the I/O device connected to reader/punch interface 2 before it could read a previously received character.,OVERRUN,FANUC
PS1833,CNC,1833,ERROR(2) The stop bit of the character received from the I/O device connected to reader/punch interface 2 was not detected.,FRAMING,FANUC
PS1834,CNC,1834,OVERFLOW(2) The NC received more than 10 characters of data from the I/O device connected to reader/punch interface 2 even though the NC sent a stop code (DC3) during data reception.,BUFFER,FANUC
PS1912,CNC,1912,DRIVER ERROR (OPEN) An error occurred during device driver control.,V-DEVICE,FANUC
PS1960,CNC,1960,ERROR (MEMORY CARD) Illegal memory card accessing This alarm is also generated during reading when reading is executed up to the end of the file without detection of the EOR code.,ACCESS,FANUC
PS1962,CNC,1962,FULL (MEMORY CARD) The memory card has run out of space.,CARD,FANUC
PS1963,CNC,1963,PROTECTED (MEMORY CARD) The memory card is write–protected.,CARD,FANUC
PS1965,CNC,1965,FULL (MEMORY CARD) The file could not be generated in the root directory for the memory card.,DIRECTORY,FANUC
PS1966,CNC,1966,NOT FOUND (MEMORY CARD) The specified file could not be found on the memory card.,FILE,FANUC
PS1967,CNC,1967,PROTECTED (MEMORY CARD) The memory card is write–protected.,FILE,FANUC
PS1968,CNC,1968,FILE NAME (MEMORY CARD) Illegal memory card file name,ILLEGAL,FANUC
PS1969,CNC,1969,FORMAT (MEMORY CARD) Check the file name.,ILLEGAL,FANUC
PS1970,CNC,1970,CARD (MEMORY CARD) This memory card cannot be handled.,ILLEGAL,FANUC
PS1971,CNC,1971,ERROR (MEMORY CARD) An error occurred during memory card erase.,ERASE,FANUC
PS1972,CNC,1972,LOW (MEMORY CARD) The memory card battery is low.,BATTERY,FANUC
PS1973,CNC,1973,ALREADY EXIST A file having the same name already exists on the memory card.,FILE,FANUC
PS2032,CNC,2032,"ETHERNET/DATA SERVER ERROR An error was returned in the built-in Ethernet/data server function. For details, see the error message screen of the built-in Ethernet or data server. 2051 #200-#499ILLEGAL P-CODE MACRO COMMON INPUT(NO OPTION) An attempt was made to enter a custom macro common variable not existing in the system. B-64305EN/03 APPENDIX A.ALARM LIST 2052 #500-#549P-CODE MACRO COMMON SELECT(CANNOT USE SETVN) The variable name cannot be entered. The SETVN command cannot be used with the P-CODE macro common variables #500 to #549.",EMBEDDED,FANUC
PS2053,CNC,2053,VARIABLE NUMBER IS OUTSIDE OF RANGE An attempt was made to enter a P-CODE-only variable not existing in the system.,P-CODE,FANUC
PS2054,CNC,2054,P-CODE VARIABLE NUMBER IS OUTSIDE OF RANGE An attempt was made to enter an extended P-CODE-only variable not existing in the system.,EXTENDED,FANUC
PS4010,CNC,4010,REAL VALUE OF OBUF : The real value for a output buffer is in error.,ILLEGAL,FANUC
PS5006,CNC,5006,"MANY WORD IN ONE BLOCK The number of words in a block exceeds the maximum. The maximum is 26 words. However, this figure varies according to NC options. Divide the instruction word into two blocks.",TOO,FANUC
PS5007,CNC,5007,"LARGE DISTANCE Due to compensation, point of intersection calculation, interpolation or similar reasons, a movement distance that exceeds the maximum permissible distance was specified. Check the programmed coordinates or compensation amounts.",TOO,FANUC
PS5009,CNC,5009,ZERO (DRY RUN) The dry run f eedrate parameter No. 1410 or maximum cutting feedrate parameter No. 1430 for each axis has been set to 0.,PARAMETER,FANUC
PS5010,CNC,5010,OF RECORD The EOR (End of Record) code is specified in the middle of a block. This alarm is also generated when the percentage at the end of the NC program is read.,END,FANUC
PS5011,CNC,5011,ZERO (CUT MAX) The maximu m cutting feedrate parameter No. 1430 has been set to 0.,PARAMETER,FANUC
PS5014,CNC,5014,DATA NOT FOUND A transfer could not be made because of no trace data.,TRACE,FANUC
PS5016,CNC,5016,"COMBINATION OF M CODES M codes which belonged to the same group were specified in a block. Alternatively, an M code which must be specified without other M codes in the block was specified in a block with other M codes.",ILLEGAL,FANUC
PS5018,CNC,5018,"SPINDLE SPEED ERROR T In G51.2 mode, the speed of the spindle or polygon synchronous axis either exceeds the clamp value or is too small. The specified rotation speed ratio thus cannot be maintained. For polygon turning between spindles: More information as to why this alarm occurred is indicated in DGN No. 471.",POLYGON,FANUC
PS5020,CNC,5020,"OF RESTART ERROR An invalid value is set in parameter No. 7310, which specifies the axis order in which the tool is moved along axes to the machining restart position in dry run. A value ranging from 1 to the number of controlled axes may be set in this parameter.",PARAMETER,FANUC
PS5046,CNC,5046,PARAMETER (S-COMP) M The setting of a parameter related to simple straightness compensation contains an error. Possible causes include: 1) A non-existent axis number is set in a moving or compensation axis parameter. 2) The simple straightness compensation point numbers do not have correct magnitude relationships. 3) No simple straightness compensation point is found between the furthest pitch error compensation point in the negative region and that in the positive region. 4) The compensation per compens ation point is either too large or too small.,ILLEGAL,FANUC
